{
  "regions": [
    {
      "name": "Africa",
      "sub_regions": [
        {
          "name": "Eastern Africa",
          "countries": [
            {"name": "Burundi"},
            {"name": "Comoros"},
            {"name": "Djibouti"},
            {"name": "Eritrea"},
            {"name": "Ethiopia"},
            {"name": "Kenya"},
            {"name": "Madagascar"},
            {"name": "Malawi"},
            {"name": "Mauritius"},
            {"name": "Mayotte"},
            {"name": "Mozambique"},
            {"name": "Réunion"},
            {"name": "Rwanda"},
            {"name": "Seychelles"},
            {"name": "Somalia"},
            {"name": "South Sudan"},
            {"name": "Uganda"},
            {"name": "United Republic of Tanzania"},
            {"name": "Zambia"},
            {"name": "Zimbabwe"}
          ]
        },
        {
          "name": "Middle Africa",
          "countries": [
            {"name": "Angola"},
            {"name": "Cameroon"},
            {"name": "Central African Republic"},
            {"name": "Chad"},
            {"name": "Congo"},
            {"name": "Democratic Republic of the Congo"},
            {"name": "Equatorial Guinea"},
            {"name": "Gabon"},
            {"name": "Sao Tome and Principe"}
          ]
        },
        {
          "name": "Northern Africa",
          "countries": [
            {"name": "Algeria"},
            {"name": "Egypt"},
            {"name": "Libya"},
            {"name": "Morocco"},
            {"name": "Sudan"},
            {"name": "Tunisia"},
            {"name": "Western Sahara"}
          ]
        },
        {
          "name": "Southern Africa",
          "countries": [
            {"name": "Botswana"},
            {"name": "Lesotho"},
            {"name": "Namibia"},
            {"name": "South Africa"},
            {"name": "Swaziland"}
          ]
        },
        {
          "name": "Western Africa",
          "countries": [
            {"name": "Benin"},
            {"name": "Burkina Faso"},
            {"name": "Cabo Verde"},
            {"name": "Cote d'Ivoire"},
            {"name": "Gambia"},
            {"name": "Ghana"},
            {"name": "Guinea"},
            {"name": "Guinea-Bissau"},
            {"name": "Liberia"},
            {"name": "Mali"},
            {"name": "Mauritania"},
            {"name": "Niger"},
            {"name": "Nigeria"},
            {"name": "Saint Helena"},
            {"name": "Senegal"},
            {"name": "Sierra Leone"},
            {"name": "Togo       "}
          ]
        }
      ]
    },
    {
      "name": "Americas",
      "sub_regions": [
        {
          "name": "Latin America and the Caribbean",
          "countries": [
            {"name": "Caribbean"},
            {"name": "Anguilla"},
            {"name": "Antigua and Barbuda"},
            {"name": "Aruba"},
            {"name": "Bahamas"},
            {"name": "Barbados"},
            {"name": "Bonaire, Sint Eustatius and Saba"},
            {"name": "British Virgin Islands"},
            {"name": "Cayman Islands"},
            {"name": "Cuba"},
            {"name": "Curaçao"},
            {"name": "Dominica"},
            {"name": "Dominican Republic"},
            {"name": "Grenada"},
            {"name": "Guadeloupe"},
            {"name": "Haiti"},
            {"name": "Jamaica"},
            {"name": "Martinique"},
            {"name": "Montserrat"},
            {"name": "Puerto Rico"},
            {"name": "Saint-Barthélemy"},
            {"name": "Saint Kitts and Nevis"},
            {"name": "Saint Lucia"},
            {"name": "Saint Martin (French part)"},
            {"name": "Saint Vincent and the Grenadines"},
            {"name": "Sint Maarten (Dutch part)"},
            {"name": "Trinidad and Tobago"},
            {"name": "Turks and Caicos Islands"},
            {"name": "United States Virgin Islands"}
          ]
        },
        {
          "name": "Central America",
          "countries": [
            {"name": "Belize"},
            {"name": "Costa Rica"},
            {"name": "El Salvador"},
            {"name": "Guatemala"},
            {"name": "Honduras"},
            {"name": "Mexico"},
            {"name": "Nicaragua"},
            {"name": "Panama"}
          ]
        },
        {
          "name": "South America",
          "countries": [
            {"name": "Argentina"},
            {"name": "Bolivia (Plurinational State of)"},
            {"name": "Brazil"},
            {"name": "Chile"},
            {"name": "Colombia"},
            {"name": "Ecuador"},
            {"name": "Falkland Islands (Malvinas)"},
            {"name": "French Guiana"},
            {"name": "Guyana"},
            {"name": "Paraguay"},
            {"name": "Peru"},
            {"name": "Suriname"},
            {"name": "Uruguay"},
            {"name": "Venezuela (Bolivarian Republic of)"}
          ]
        },
        {
          "name": "Northern America",
          "countries": [
            {"name": "Bermuda"},
            {"name": "Canada"},
            {"name": "Greenland"},
            {"name": "Saint Pierre and Miquelon"},
            {"name": "United States of America"}
          ]
        }
      ]
    },
    {
      "name": "Asia",
      "sub_regions": [
        {
          "name": "Central Asia",
          "countries": [
            {"name": "Kazakhstan"},
            {"name": "Kyrgyzstan"},
            {"name": "Tajikistan"},
            {"name": "Turkmenistan"},
            {"name": "Uzbekistan"}
          ]
        },
        {
          "name": "Eastern Asia",
          "countries": [
            {"name": "China"},
            {"name": "China, Hong Kong Special Administrative Region"},
            {"name": "China, Macao Special Administrative Region"},
            {"name": "Democratic People's Republic of Korea"},
            {"name": "Japan"},
            {"name": "Mongolia"},
            {"name": "Republic of Korea"}
          ]
        },
        {
          "name": "Southern Asia",
          "countries": [
            {"name": "Afghanistan"},
            {"name": "Bangladesh"},
            {"name": "Bhutan"},
            {"name": "India"},
            {"name": "Iran (Islamic Republic of)"},
            {"name": "Maldives"},
            {"name": "Nepal"},
            {"name": "Pakistan"},
            {"name": "Sri Lanka"}
          ]
        },
        {
          "name": "South-Eastern Asia",
          "countries": [
            {"name": "Brunei Darussalam"},
            {"name": "Cambodia"},
            {"name": "Indonesia"},
            {"name": "Lao People's Democratic Republic"},
            {"name": "Malaysia"},
            {"name": "Myanmar"},
            {"name": "Philippines"},
            {"name": "Singapore"},
            {"name": "Thailand"},
            {"name": "Timor-Leste"},
            {"name": "Viet Nam"}
          ]
        },
        {
          "name": "Western Asia",
          "countries": [
            {"name": "Armenia"},
            {"name": "Azerbaijan"},
            {"name": "Bahrain"},
            {"name": "Cyprus"},
            {"name": "Georgia"},
            {"name": "Iraq"},
            {"name": "Israel"},
            {"name": "Jordan"},
            {"name": "Kuwait"},
            {"name": "Lebanon"},
            {"name": "Oman"},
            {"name": "Qatar"},
            {"name": "Saudi Arabia"},
            {"name": "State of Palestine"},
            {"name": "Syrian Arab Republic"},
            {"name": "Turkey"},
            {"name": "United Arab Emirates"},
            {"name": "Yemen "}
          ]
        }
      ]
    },
    {
      "name": "Europe",
      "sub_regions": [
        {
          "name": "Eastern Europe",
          "countries": [
            {"name": "Belarus"},
            {"name": "Bulgaria"},
            {"name": "Czech Republic"},
            {"name": "Hungary"},
            {"name": "Poland"},
            {"name": "Republic of Moldova"},
            {"name": "Romania"},
            {"name": "Russian Federation"},
            {"name": "Slovakia"},
            {"name": "Ukraine"}
          ]
        },
        {
          "name": "Northern Europe",
          "countries": [
            {"name": "Åland Islands"},
            {"name": "Channel Islands"},
            {"name": "Denmark"},
            {"name": "Estonia"},
            {"name": "Faeroe Islands"},
            {"name": "Finland"},
            {"name": "Guernsey"},
            {"name": "Iceland"},
            {"name": "Ireland"},
            {"name": "Isle of Man"},
            {"name": "Jersey"},
            {"name": "Latvia"},
            {"name": "Lithuania"},
            {"name": "Norway"},
            {"name": "Sark"},
            {"name": "Svalbard and Jan Mayen Islands"},
            {"name": "Sweden"},
            {"name": "United Kingdom of Great Britain and Northern Ireland"}
          ]
        },
        {
          "name": "Southern Europe",
          "countries": [
            {"name": "Albania"},
            {"name": "Andorra"},
            {"name": "Bosnia and Herzegovina"},
            {"name": "Croatia"},
            {"name": "Gibraltar"},
            {"name": "Greece"},
            {"name": "Holy See"},
            {"name": "Italy"},
            {"name": "Malta"},
            {"name": "Montenegro"},
            {"name": "Portugal"},
            {"name": "San Marino"},
            {"name": "Serbia"},
            {"name": "Slovenia"},
            {"name": "Spain"},
            {"name": "The former Yugoslav Republic of Macedonia"}
          ]
        },
        {
          "name": "Western Europe",
          "countries": [
            {"name": "Austria"},
            {"name": "Belgium"},
            {"name": "France"},
            {"name": "Germany"},
            {"name": "Liechtenstein"},
            {"name": "Luxembourg"},
            {"name": "Monaco"},
            {"name": "Netherlands"},
            {"name": "Switzerland"}
          ]
        }
      ]
    },
    {
      "name": "Oceania",
      "sub_regions": [
        {
          "name": "Australia and New Zealand",
          "countries": [
            {"name": "Australia"},
            {"name": "New Zealand"},
            {"name": "Norfolk Island"}
          ]
        },
        {
          "name": "Melanesia",
          "countries": [
            {"name": "Fiji"},
            {"name": "New Caledonia"},
            {"name": "Papua New Guinea"},
            {"name": "Solomon Islands"},
            {"name": "Vanuatu"}
          ]
        },
        {
          "name": "Micronesia",
          "countries": [
            {"name": "Guam"},
            {"name": "Kiribati"},
            {"name": "Marshall Islands"},
            {"name": "Micronesia (Federated States of)"},
            {"name": "Nauru"},
            {"name": "Northern Mariana Islands"},
            {"name": "Palau"}
          ]
        },
        {
          "name": "Polynesia",
          "countries": [
            {"name": "American Samoa"},
            {"name": "Cook Islands"},
            {"name": "French Polynesia"},
            {"name": "Niue"},
            {"name": "Pitcairn"},
            {"name": "Samoa"},
            {"name": "Tokelau"},
            {"name": "Tonga"},
            {"name": "Tuvalu"},
            {"name": "Wallis and Futuna Islands"}
          ]
        }
      ]
    }
  ]
}